,Variable,Count
0,AR6 climate diagnostics|Effective Radiative Forcing|Basket|Greenhouse Gases|CICERO-SCM|50.0th Percentile,1181
1,AR6 climate diagnostics|Effective Radiative Forcing|Basket|Greenhouse Gases|FaIRv1.6.2|50.0th Percentile,1181
2,AR6 climate diagnostics|Effective Radiative Forcing|Basket|Non-CO2 Greenhouse Gases|CICERO-SCM|50.0th Percentile,1181
3,AR6 climate diagnostics|Effective Radiative Forcing|Basket|Non-CO2 Greenhouse Gases|FaIRv1.6.2|50.0th Percentile,1181
4,AR6 climate diagnostics|Effective Radiative Forcing|CH4|CICERO-SCM|50.0th Percentile,1181
5,AR6 climate diagnostics|Effective Radiative Forcing|CH4|FaIRv1.6.2|50.0th Percentile,1181
6,AR6 climate diagnostics|Effective Radiative Forcing|CICERO-SCM|33.0th Percentile,1181
7,AR6 climate diagnostics|Effective Radiative Forcing|CICERO-SCM|5.0th Percentile,1181
8,AR6 climate diagnostics|Effective Radiative Forcing|CICERO-SCM|50.0th Percentile,1181
9,AR6 climate diagnostics|Effective Radiative Forcing|CICERO-SCM|67.0th Percentile,1181
10,AR6 climate diagnostics|Effective Radiative Forcing|CICERO-SCM|95.0th Percentile,1181
11,AR6 climate diagnostics|Effective Radiative Forcing|CO2|CICERO-SCM|50.0th Percentile,1181
12,AR6 climate diagnostics|Effective Radiative Forcing|CO2|FaIRv1.6.2|50.0th Percentile,1181
13,AR6 climate diagnostics|Effective Radiative Forcing|FaIRv1.6.2|33.0th Percentile,1181
14,AR6 climate diagnostics|Effective Radiative Forcing|FaIRv1.6.2|5.0th Percentile,1181
15,AR6 climate diagnostics|Effective Radiative Forcing|FaIRv1.6.2|50.0th Percentile,1181
16,AR6 climate diagnostics|Effective Radiative Forcing|FaIRv1.6.2|67.0th Percentile,1181
17,AR6 climate diagnostics|Effective Radiative Forcing|FaIRv1.6.2|95.0th Percentile,1181
18,AR6 climate diagnostics|Effective Radiative Forcing|MAGICCv7.5.3|33.0th Percentile,1200
19,AR6 climate diagnostics|Effective Radiative Forcing|MAGICCv7.5.3|5.0th Percentile,1200
20,AR6 climate diagnostics|Effective Radiative Forcing|MAGICCv7.5.3|50.0th Percentile,1200
21,AR6 climate diagnostics|Effective Radiative Forcing|MAGICCv7.5.3|67.0th Percentile,1200
22,AR6 climate diagnostics|Effective Radiative Forcing|MAGICCv7.5.3|95.0th Percentile,1200
23,AR6 climate diagnostics|Emissions|Kyoto Gases (AR5-GWP100),1200
24,AR6 climate diagnostics|Emissions|Kyoto Gases (AR6-GWP100),1200
25,AR6 climate diagnostics|Exceedance Probability 1.5C|CICERO-SCM,1181
26,AR6 climate diagnostics|Exceedance Probability 1.5C|FaIRv1.6.2,1181
27,AR6 climate diagnostics|Exceedance Probability 1.5C|MAGICCv7.5.3,1200
28,AR6 climate diagnostics|Exceedance Probability 2.0C|CICERO-SCM,1181
29,AR6 climate diagnostics|Exceedance Probability 2.0C|FaIRv1.6.2,1181
30,AR6 climate diagnostics|Exceedance Probability 2.0C|MAGICCv7.5.3,1200
31,AR6 climate diagnostics|Exceedance Probability 2.5C|CICERO-SCM,1181
32,AR6 climate diagnostics|Exceedance Probability 2.5C|FaIRv1.6.2,1181
33,AR6 climate diagnostics|Exceedance Probability 2.5C|MAGICCv7.5.3,1200
34,AR6 climate diagnostics|Exceedance Probability 3.0C|CICERO-SCM,1181
35,AR6 climate diagnostics|Exceedance Probability 3.0C|FaIRv1.6.2,1181
36,AR6 climate diagnostics|Exceedance Probability 3.0C|MAGICCv7.5.3,1200
37,AR6 climate diagnostics|Infilled|Emissions|CH4,1200
38,AR6 climate diagnostics|Infilled|Emissions|CO2,1200
39,AR6 climate diagnostics|Infilled|Emissions|F-Gases,1043
40,AR6 climate diagnostics|Infilled|Emissions|Kyoto Gases (AR5-GWP100),1200
41,AR6 climate diagnostics|Infilled|Emissions|Kyoto Gases (AR6-GWP100),1200
42,AR6 climate diagnostics|Infilled|Emissions|N2O,1200
43,AR6 climate diagnostics|Native-with-Infilled|Emissions|Kyoto Gases (AR5-GWP100),1200
44,AR6 climate diagnostics|Native-with-Infilled|Emissions|Kyoto Gases (AR6-GWP100),1200
45,AR6 climate diagnostics|Surface Temperature (GSAT)|CICERO-SCM|10.0th Percentile,1181
46,AR6 climate diagnostics|Surface Temperature (GSAT)|CICERO-SCM|16.7th Percentile,1181
47,AR6 climate diagnostics|Surface Temperature (GSAT)|CICERO-SCM|33.0th Percentile,1181
48,AR6 climate diagnostics|Surface Temperature (GSAT)|CICERO-SCM|5.0th Percentile,1181
49,AR6 climate diagnostics|Surface Temperature (GSAT)|CICERO-SCM|50.0th Percentile,1181
50,AR6 climate diagnostics|Surface Temperature (GSAT)|CICERO-SCM|67.0th Percentile,1181
51,AR6 climate diagnostics|Surface Temperature (GSAT)|CICERO-SCM|83.3th Percentile,1181
52,AR6 climate diagnostics|Surface Temperature (GSAT)|CICERO-SCM|90.0th Percentile,1181
53,AR6 climate diagnostics|Surface Temperature (GSAT)|CICERO-SCM|95.0th Percentile,1181
54,AR6 climate diagnostics|Surface Temperature (GSAT)|FaIRv1.6.2|10.0th Percentile,1181
55,AR6 climate diagnostics|Surface Temperature (GSAT)|FaIRv1.6.2|16.7th Percentile,1181
56,AR6 climate diagnostics|Surface Temperature (GSAT)|FaIRv1.6.2|33.0th Percentile,1181
57,AR6 climate diagnostics|Surface Temperature (GSAT)|FaIRv1.6.2|5.0th Percentile,1181
58,AR6 climate diagnostics|Surface Temperature (GSAT)|FaIRv1.6.2|50.0th Percentile,1181
59,AR6 climate diagnostics|Surface Temperature (GSAT)|FaIRv1.6.2|67.0th Percentile,1181
60,AR6 climate diagnostics|Surface Temperature (GSAT)|FaIRv1.6.2|83.3th Percentile,1181
61,AR6 climate diagnostics|Surface Temperature (GSAT)|FaIRv1.6.2|90.0th Percentile,1181
62,AR6 climate diagnostics|Surface Temperature (GSAT)|FaIRv1.6.2|95.0th Percentile,1181
63,AR6 climate diagnostics|Surface Temperature (GSAT)|MAGICCv7.5.3|10.0th Percentile,1200
64,AR6 climate diagnostics|Surface Temperature (GSAT)|MAGICCv7.5.3|16.7th Percentile,1200
65,AR6 climate diagnostics|Surface Temperature (GSAT)|MAGICCv7.5.3|33.0th Percentile,1200
66,AR6 climate diagnostics|Surface Temperature (GSAT)|MAGICCv7.5.3|5.0th Percentile,1200
67,AR6 climate diagnostics|Surface Temperature (GSAT)|MAGICCv7.5.3|50.0th Percentile,1200
68,AR6 climate diagnostics|Surface Temperature (GSAT)|MAGICCv7.5.3|67.0th Percentile,1200
69,AR6 climate diagnostics|Surface Temperature (GSAT)|MAGICCv7.5.3|83.3th Percentile,1200
70,AR6 climate diagnostics|Surface Temperature (GSAT)|MAGICCv7.5.3|90.0th Percentile,1200
71,AR6 climate diagnostics|Surface Temperature (GSAT)|MAGICCv7.5.3|95.0th Percentile,1200
72,Agricultural Demand,633
73,Agricultural Demand|Crops,503
74,Agricultural Demand|Crops|Energy,510
75,Agricultural Demand|Crops|Energy|1st generation,444
76,Agricultural Demand|Crops|Energy|2nd generation,444
77,Agricultural Demand|Crops|Feed,515
78,Agricultural Demand|Crops|Food,481
79,Agricultural Demand|Crops|Other,515
80,Agricultural Demand|Livestock,539
81,Agricultural Demand|Livestock|Food,482
82,Agricultural Demand|Livestock|Other,516
83,Agricultural Production,588
84,Agricultural Production|Energy,476
85,Agricultural Production|Energy|Crops,598
86,Agricultural Production|Energy|Residues,182
87,Agricultural Production|Non-Energy,582
88,Agricultural Production|Non-Energy|Crops,648
89,Agricultural Production|Non-Energy|Livestock,676
90,Capacity Additions|Electricity|Biomass,732
91,Capacity Additions|Electricity|Biomass|w/ CCS,739
92,Capacity Additions|Electricity|Biomass|w/o CCS,743
93,Capacity Additions|Electricity|Coal,732
94,Capacity Additions|Electricity|Coal|w/ CCS,772
95,Capacity Additions|Electricity|Coal|w/o CCS,777
96,Capacity Additions|Electricity|Fossil,732
97,Capacity Additions|Electricity|Gas,732
98,Capacity Additions|Electricity|Gas|w/ CCS,773
99,Capacity Additions|Electricity|Gas|w/o CCS,777
100,Capacity Additions|Electricity|Geothermal,400
101,Capacity Additions|Electricity|Hydro,768
102,Capacity Additions|Electricity|Non-Biomass Renewables,777
103,Capacity Additions|Electricity|Nuclear,777
104,Capacity Additions|Electricity|Oil,508
105,Capacity Additions|Electricity|Oil|w/ CCS,373
106,Capacity Additions|Electricity|Oil|w/o CCS,508
107,Capacity Additions|Electricity|Renewables (incl. Biomass),777
108,Capacity Additions|Electricity|Solar,732
109,Capacity Additions|Electricity|Solar|CSP,695
110,Capacity Additions|Electricity|Solar|PV,777
111,Capacity Additions|Electricity|Storage Capacity,438
112,Capacity Additions|Electricity|Wind,777
113,Capacity Additions|Electricity|Wind|Offshore,512
114,Capacity Additions|Electricity|Wind|Onshore,553
115,Capacity|Electricity,917
116,Capacity|Electricity|Biomass,944
117,Capacity|Electricity|Biomass|w/ CCS,812
118,Capacity|Electricity|Biomass|w/o CCS,817
119,Capacity|Electricity|Coal,963
120,Capacity|Electricity|Coal|w/ CCS,846
121,Capacity|Electricity|Coal|w/o CCS,851
122,Capacity|Electricity|Fossil,963
123,Capacity|Electricity|Gas,944
124,Capacity|Electricity|Gas|w/ CCS,846
125,Capacity|Electricity|Gas|w/o CCS,851
126,Capacity|Electricity|Geothermal,692
127,Capacity|Electricity|Hydro,987
128,Capacity|Electricity|Non-Biomass Renewables,990
129,Capacity|Electricity|Nuclear,990
130,Capacity|Electricity|Ocean,10
131,Capacity|Electricity|Oil,822
132,Capacity|Electricity|Oil|w/ CCS,426
133,Capacity|Electricity|Oil|w/o CCS,752
134,Capacity|Electricity|Other,332
135,Capacity|Electricity|Peak Demand,340
136,Capacity|Electricity|Renewables (incl. Biomass),990
137,Capacity|Electricity|Solar,938
138,Capacity|Electricity|Solar|CSP,832
139,Capacity|Electricity|Solar|PV,920
140,Capacity|Electricity|Storage,582
141,Capacity|Electricity|Storage Capacity,188
142,Capacity|Electricity|Wind,990
143,Capacity|Electricity|Wind|Offshore,638
144,Capacity|Electricity|Wind|Onshore,685
145,Capacity|Gases|Biomass,190
146,Capacity|Gases|Biomass|w/o CCS,190
147,Capacity|Gases|Coal,190
148,Capacity|Gases|Coal|w/o CCS,190
149,Capacity|Hydrogen|Biomass,260
150,Capacity|Hydrogen|Biomass|w/ CCS,260
151,Capacity|Hydrogen|Biomass|w/o CCS,260
152,Capacity|Hydrogen|Coal,260
153,Capacity|Hydrogen|Coal|w/ CCS,260
154,Capacity|Hydrogen|Coal|w/o CCS,260
155,Capacity|Hydrogen|Electricity,336
156,Capacity|Hydrogen|Gas,337
157,Capacity|Hydrogen|Gas|w/ CCS,337
158,Capacity|Hydrogen|Gas|w/o CCS,337
159,Capacity|Liquids|Biomass,190
160,Capacity|Liquids|Biomass|w/ CCS,228
161,Capacity|Liquids|Biomass|w/o CCS,231
162,Capacity|Liquids|Coal,190
163,Capacity|Liquids|Coal|w/ CCS,190
164,Capacity|Liquids|Coal|w/o CCS,190
165,Capacity|Liquids|Gas,190
166,Capacity|Liquids|Gas|w/ CCS,190
167,Capacity|Liquids|Gas|w/o CCS,190
168,Capacity|Liquids|Oil,231
169,Capital Cost|Electricity|Biomass|w/ CCS,546
170,Capital Cost|Electricity|Biomass|w/o CCS,543
171,Capital Cost|Electricity|Coal|w/ CCS,546
172,Capital Cost|Electricity|Coal|w/o CCS,543
173,Capital Cost|Electricity|Gas|w/ CCS,546
174,Capital Cost|Electricity|Gas|w/o CCS,543
175,Capital Cost|Electricity|Geothermal,641
176,Capital Cost|Electricity|Hydro,638
177,Capital Cost|Electricity|Nuclear,733
178,Capital Cost|Electricity|Solar|CSP,468
179,Capital Cost|Electricity|Solar|PV,733
180,Capital Cost|Electricity|Wind|Offshore,690
181,Capital Cost|Electricity|Wind|Onshore,541
182,Capital Cost|Gases|Biomass|w/ CCS,45
183,Capital Cost|Gases|Biomass|w/o CCS,423
184,Capital Cost|Gases|Coal|w/ CCS,45
185,Capital Cost|Gases|Coal|w/o CCS,423
186,Capital Cost|Hydrogen|Biomass|w/ CCS,499
187,Capital Cost|Hydrogen|Biomass|w/o CCS,545
188,Capital Cost|Hydrogen|Coal|w/ CCS,544
189,Capital Cost|Hydrogen|Coal|w/o CCS,545
190,Capital Cost|Hydrogen|Electricity,555
191,Capital Cost|Hydrogen|Gas|w/ CCS,499
192,Capital Cost|Hydrogen|Gas|w/o CCS,538
193,Capital Cost|Liquids|Biomass|w/ CCS,576
194,Capital Cost|Liquids|Biomass|w/o CCS,579
195,Capital Cost|Liquids|Coal|w/ CCS,538
196,Capital Cost|Liquids|Coal|w/o CCS,538
197,Capital Cost|Liquids|Gas|w/ CCS,259
198,Capital Cost|Liquids|Gas|w/o CCS,304
199,Capital Cost|Liquids|Oil,275
200,Capital Formation,178
201,Capital Stock,122
202,Carbon Intensity|Production|Cement,8
203,Carbon Intensity|Production|Cement|Industrial Processes,20
204,Carbon Intensity|Production|Steel,20
205,Carbon Intensity|Production|Steel|Fossil|Energy|Demand|Industry,12
206,Carbon Sequestration|CCS,1185
207,Carbon Sequestration|CCS|Biomass,1143
208,Carbon Sequestration|CCS|Biomass|Energy,148
209,Carbon Sequestration|CCS|Biomass|Energy|Demand|Industry,463
210,Carbon Sequestration|CCS|Biomass|Energy|Supply,849
211,Carbon Sequestration|CCS|Biomass|Energy|Supply|Electricity,853
212,Carbon Sequestration|CCS|Biomass|Energy|Supply|Gases,352
213,Carbon Sequestration|CCS|Biomass|Energy|Supply|Hydrogen,662
214,Carbon Sequestration|CCS|Biomass|Energy|Supply|Liquids,727
215,Carbon Sequestration|CCS|Biomass|Energy|Supply|Other,266
216,Carbon Sequestration|CCS|Biomass|Industrial Processes,39
217,Carbon Sequestration|CCS|Fossil,1012
218,Carbon Sequestration|CCS|Fossil|Energy,48
219,Carbon Sequestration|CCS|Fossil|Energy|Demand|Industry,586
220,Carbon Sequestration|CCS|Fossil|Energy|Supply,883
221,Carbon Sequestration|CCS|Fossil|Energy|Supply|Electricity,649
222,Carbon Sequestration|CCS|Fossil|Energy|Supply|Gases,242
223,Carbon Sequestration|CCS|Fossil|Energy|Supply|Hydrogen,418
224,Carbon Sequestration|CCS|Fossil|Energy|Supply|Liquids,475
225,Carbon Sequestration|CCS|Fossil|Energy|Supply|Other,88
226,Carbon Sequestration|CCS|Fossil|Industrial Processes,6
227,Carbon Sequestration|CCS|Industrial Processes,673
228,Carbon Sequestration|Direct Air Capture,420
229,Carbon Sequestration|Enhanced Weathering,190
230,Carbon Sequestration|Feedstocks,39
231,Carbon Sequestration|Land Use,781
232,Carbon Sequestration|Land Use|Afforestation,505
233,Carbon Sequestration|Land Use|Biochar,6
234,Carbon Sequestration|Land Use|Soil Carbon Management,6
235,Carbon Sequestration|Other,146
236,Carbon Utilization|CCS|Industry,100
237,Concentration|CH4,410
238,Concentration|CO2,453
239,Concentration|N2O,410
240,Consumption,921
241,Cumulative Capacity|Electricity|Biomass,675
242,Cumulative Capacity|Electricity|Biomass|w/ CCS,823
243,Cumulative Capacity|Electricity|Biomass|w/o CCS,826
244,Cumulative Capacity|Electricity|Coal,675
245,Cumulative Capacity|Electricity|Coal|w/ CCS,822
246,Cumulative Capacity|Electricity|Coal|w/o CCS,826
247,Cumulative Capacity|Electricity|Fossil,675
248,Cumulative Capacity|Electricity|Gas,675
249,Cumulative Capacity|Electricity|Gas|w/ CCS,823
250,Cumulative Capacity|Electricity|Gas|w/o CCS,826
251,Cumulative Capacity|Electricity|Geothermal,411
252,Cumulative Capacity|Electricity|Hydro,826
253,Cumulative Capacity|Electricity|Non-Biomass Renewables,826
254,Cumulative Capacity|Electricity|Nuclear,826
255,Cumulative Capacity|Electricity|Oil,459
256,Cumulative Capacity|Electricity|Oil|w/ CCS,482
257,Cumulative Capacity|Electricity|Oil|w/o CCS,610
258,Cumulative Capacity|Electricity|Other,44
259,Cumulative Capacity|Electricity|Renewables (incl. Biomass),826
260,Cumulative Capacity|Electricity|Solar,637
261,Cumulative Capacity|Electricity|Solar|CSP,744
262,Cumulative Capacity|Electricity|Solar|PV,826
263,Cumulative Capacity|Electricity|Wind,720
264,Cumulative Capacity|Electricity|Wind|Offshore,569
265,Cumulative Capacity|Electricity|Wind|Onshore,610
266,Cumulative Capacity|Gases|Biomass,184
267,Cumulative Capacity|Gases|Biomass|w/o CCS,184
268,Cumulative Capacity|Gases|Coal,184
269,Cumulative Capacity|Gases|Coal|w/o CCS,184
270,Cumulative Capacity|Hydrogen|Biomass,369
271,Cumulative Capacity|Hydrogen|Biomass|w/ CCS,369
272,Cumulative Capacity|Hydrogen|Biomass|w/o CCS,369
273,Cumulative Capacity|Hydrogen|Coal,191
274,Cumulative Capacity|Hydrogen|Coal|w/ CCS,191
275,Cumulative Capacity|Hydrogen|Coal|w/o CCS,191
276,Cumulative Capacity|Hydrogen|Electricity,445
277,Cumulative Capacity|Hydrogen|Gas,268
278,Cumulative Capacity|Hydrogen|Gas|w/ CCS,268
279,Cumulative Capacity|Hydrogen|Gas|w/o CCS,268
280,Cumulative Capacity|Liquids|Biomass,184
281,Cumulative Capacity|Liquids|Biomass|w/ CCS,184
282,Cumulative Capacity|Liquids|Biomass|w/o CCS,184
283,Cumulative Capacity|Liquids|Coal,184
284,Cumulative Capacity|Liquids|Coal|w/ CCS,184
285,Cumulative Capacity|Liquids|Coal|w/o CCS,184
286,Cumulative Capacity|Liquids|Gas,184
287,Cumulative Capacity|Liquids|Gas|w/ CCS,184
288,Cumulative Capacity|Liquids|Gas|w/o CCS,184
289,Cumulative Capacity|Liquids|Oil,184
290,Discount rate|Economy,1
291,Discount rate|Social,4
292,Ecotoxicity|Freshwater|Electricity,15
293,Ecotoxicity|Marine|Electricity,15
294,Efficiency|Electricity|Biomass|w/ CCS,420
295,Efficiency|Electricity|Biomass|w/o CCS,417
296,Efficiency|Electricity|Coal|w/ CCS,420
297,Efficiency|Electricity|Coal|w/o CCS,417
298,Efficiency|Electricity|Gas|w/ CCS,420
299,Efficiency|Electricity|Gas|w/o CCS,417
300,Efficiency|Gases|Biomass|w/o CCS,396
301,Efficiency|Gases|Coal|w/o CCS,396
302,Efficiency|Hydrogen|Biomass|w/ CCS,497
303,Efficiency|Hydrogen|Biomass|w/o CCS,497
304,Efficiency|Hydrogen|Coal|w/ CCS,497
305,Efficiency|Hydrogen|Coal|w/o CCS,497
306,Efficiency|Hydrogen|Electricity,532
307,Efficiency|Hydrogen|Gas|w/ CCS,497
308,Efficiency|Hydrogen|Gas|w/o CCS,466
309,Efficiency|Liquids|Biomass|w/ CCS,504
310,Efficiency|Liquids|Biomass|w/o CCS,507
311,Efficiency|Liquids|Coal|w/ CCS,466
312,Efficiency|Liquids|Coal|w/o CCS,466
313,Efficiency|Liquids|Gas|w/ CCS,254
314,Efficiency|Liquids|Gas|w/o CCS,254
315,Efficiency|Liquids|Oil,212
316,Emissions|BC,989
317,Emissions|BC|AFOLU,690
318,Emissions|BC|AFOLU|Agriculture,45
319,Emissions|BC|AFOLU|Land,25
320,Emissions|BC|Energy,690
321,Emissions|BC|Energy|Demand|Industry,686
322,Emissions|BC|Energy|Demand|Residential and Commercial,604
323,Emissions|BC|Energy|Demand|Residential and Commercial|Commercial,39
324,Emissions|BC|Energy|Demand|Residential and Commercial|Residential,39
325,Emissions|BC|Energy|Demand|Transportation,686
326,Emissions|BC|Energy|Supply,686
327,Emissions|BC|Industrial Processes,25
328,Emissions|BC|Other,310
329,Emissions|BC|Waste,129
330,Emissions|C2F6,90
331,Emissions|CF4,79
332,Emissions|CH4,1200
333,Emissions|CH4|AFOLU,1015
334,Emissions|CH4|AFOLU|Agriculture,547
335,Emissions|CH4|AFOLU|Agriculture|Livestock,463
336,Emissions|CH4|AFOLU|Agriculture|Livestock|Enteric Fermentation,430
337,Emissions|CH4|AFOLU|Agriculture|Livestock|Manure Management,464
338,Emissions|CH4|AFOLU|Agriculture|Rice,430
339,Emissions|CH4|AFOLU|Land,65
340,Emissions|CH4|Energy,884
341,Emissions|CH4|Energy|Demand|Industry,431
342,Emissions|CH4|Energy|Demand|Residential and Commercial,450
343,Emissions|CH4|Energy|Demand|Residential and Commercial|Commercial,39
344,Emissions|CH4|Energy|Demand|Residential and Commercial|Residential,39
345,Emissions|CH4|Energy|Demand|Transportation,431
346,Emissions|CH4|Energy|Supply,795
347,Emissions|CH4|Industrial Processes,65
348,Emissions|CH4|Industrial Processes|Chemicals,39
349,Emissions|CH4|Industrial Processes|Steel,39
350,Emissions|CH4|Other,539
351,Emissions|CH4|Waste,170
352,Emissions|CO,996
353,Emissions|CO2,1200
354,Emissions|CO2|AFOLU,1185
355,Emissions|CO2|AFOLU|Agriculture,20
356,Emissions|CO2|AFOLU|Land,45
357,Emissions|CO2|Energy,946
358,Emissions|CO2|Energy and Industrial Processes,1174
359,Emissions|CO2|Energy|Demand,1153
360,Emissions|CO2|Energy|Demand|AFOFI,458
361,Emissions|CO2|Energy|Demand|Industry,1116
362,Emissions|CO2|Energy|Demand|Industry|Chemicals,30
363,Emissions|CO2|Energy|Demand|Industry|Pulp and Paper,39
364,Emissions|CO2|Energy|Demand|Industry|Steel,39
365,Emissions|CO2|Energy|Demand|Other Sector,363
366,Emissions|CO2|Energy|Demand|Residential and Commercial,953
367,Emissions|CO2|Energy|Demand|Residential and Commercial|Commercial,455
368,Emissions|CO2|Energy|Demand|Residential and Commercial|Residential,455
369,Emissions|CO2|Energy|Demand|Transportation,1058
370,Emissions|CO2|Energy|Demand|Transportation|Aviation,70
371,Emissions|CO2|Energy|Demand|Transportation|Aviation|Freight,39
372,Emissions|CO2|Energy|Demand|Transportation|Aviation|Passenger,39
373,Emissions|CO2|Energy|Demand|Transportation|Freight,106
374,Emissions|CO2|Energy|Demand|Transportation|Maritime,39
375,Emissions|CO2|Energy|Demand|Transportation|Passenger,106
376,Emissions|CO2|Energy|Demand|Transportation|Rail,44
377,Emissions|CO2|Energy|Demand|Transportation|Rail|Freight,39
378,Emissions|CO2|Energy|Demand|Transportation|Rail|Passenger,39
379,Emissions|CO2|Energy|Demand|Transportation|Road,44
380,Emissions|CO2|Energy|Demand|Transportation|Road|Freight,39
381,Emissions|CO2|Energy|Demand|Transportation|Road|Passenger,39
382,Emissions|CO2|Energy|Demand|Transportation|Road|Passenger|LDV,123
383,Emissions|CO2|Energy|Supply,1163
384,Emissions|CO2|Energy|Supply|Electricity,1152
385,Emissions|CO2|Energy|Supply|Gases,626
386,Emissions|CO2|Energy|Supply|Heat,563
387,Emissions|CO2|Energy|Supply|Liquids,633
388,Emissions|CO2|Energy|Supply|Other Sector,182
389,Emissions|CO2|Energy|Supply|Solids,561
390,Emissions|CO2|Industrial Processes,922
391,Emissions|CO2|Industrial Processes|Cement,45
392,Emissions|CO2|Industrial Processes|Pulp and Paper,39
393,Emissions|CO2|Industrial Processes|Steel,39
394,Emissions|CO2|Other,344
395,Emissions|CO2|Waste,26
396,Emissions|CO|AFOLU,690
397,Emissions|CO|AFOLU|Agriculture,20
398,Emissions|CO|AFOLU|Land,25
399,Emissions|CO|Energy,690
400,Emissions|CO|Energy|Demand|Industry,678
401,Emissions|CO|Energy|Demand|Residential and Commercial,627
402,Emissions|CO|Energy|Demand|Residential and Commercial|Commercial,39
403,Emissions|CO|Energy|Demand|Residential and Commercial|Residential,39
404,Emissions|CO|Energy|Demand|Transportation,686
405,Emissions|CO|Energy|Supply,686
406,Emissions|CO|Industrial Processes,64
407,Emissions|CO|Other,186
408,Emissions|CO|Waste,129
409,Emissions|F-Gases,1043
410,Emissions|HFC,956
411,Emissions|HFC|HFC125,638
412,Emissions|HFC|HFC134a,638
413,Emissions|HFC|HFC143a,638
414,Emissions|HFC|HFC227ea,638
415,Emissions|HFC|HFC23,638
416,Emissions|HFC|HFC245fa,545
417,Emissions|HFC|HFC32,638
418,Emissions|HFC|HFC43-10,632
419,Emissions|Kyoto Gases,1118
420,Emissions|N2O,1200
421,Emissions|N2O|AFOLU,1015
422,Emissions|N2O|AFOLU|Agriculture,547
423,Emissions|N2O|AFOLU|Agriculture|Livestock|Manure Management,464
424,Emissions|N2O|AFOLU|Agriculture|Managed Soils,464
425,Emissions|N2O|AFOLU|Land,65
426,Emissions|N2O|Energy,862
427,Emissions|N2O|Energy|Demand|Residential and Commercial|Commercial,39
428,Emissions|N2O|Energy|Demand|Residential and Commercial|Residential,39
429,Emissions|N2O|Energy|Demand|Transportation,165
430,Emissions|N2O|Industrial Processes,192
431,Emissions|N2O|Industrial Processes|Chemicals,39
432,Emissions|N2O|Other,450
433,Emissions|N2O|Waste,170
434,Emissions|NH3,996
435,Emissions|NH3|AFOLU,690
436,Emissions|NH3|AFOLU|Agriculture,65
437,Emissions|NH3|AFOLU|Land,25
438,Emissions|NH3|Energy,653
439,Emissions|NH3|Energy|Demand|Industry,649
440,Emissions|NH3|Energy|Demand|Residential and Commercial,605
441,Emissions|NH3|Energy|Demand|Transportation,649
442,Emissions|NH3|Energy|Supply,649
443,Emissions|NH3|Industrial Processes,25
444,Emissions|NH3|Other,105
445,Emissions|NH3|Waste,125
446,Emissions|NOx,1006
447,Emissions|NOx|AFOLU,682
448,Emissions|NOx|AFOLU|Agriculture,64
449,Emissions|NOx|AFOLU|Land,25
450,Emissions|NOx|Energy,682
451,Emissions|NOx|Energy|Demand|Industry,618
452,Emissions|NOx|Energy|Demand|Residential and Commercial,577
453,Emissions|NOx|Energy|Demand|Residential and Commercial|Commercial,39
454,Emissions|NOx|Energy|Demand|Residential and Commercial|Residential,39
455,Emissions|NOx|Energy|Demand|Transportation,679
456,Emissions|NOx|Energy|Supply,679
457,Emissions|NOx|Industrial Processes,64
458,Emissions|NOx|Other,230
459,Emissions|NOx|Waste,129
460,Emissions|OC,1006
461,Emissions|OC|AFOLU,690
462,Emissions|OC|AFOLU|Agriculture,20
463,Emissions|OC|AFOLU|Land,25
464,Emissions|OC|Energy,690
465,Emissions|OC|Energy|Demand|Industry,686
466,Emissions|OC|Energy|Demand|Residential and Commercial,635
467,Emissions|OC|Energy|Demand|Residential and Commercial|Commercial,39
468,Emissions|OC|Energy|Demand|Residential and Commercial|Residential,39
469,Emissions|OC|Energy|Demand|Transportation,686
470,Emissions|OC|Energy|Supply,686
471,Emissions|OC|Industrial Processes,25
472,Emissions|OC|Other,230
473,Emissions|OC|Waste,129
474,Emissions|PFC,802
475,Emissions|PFC|C2F6,207
476,Emissions|PFC|C6F14,208
477,Emissions|PFC|CF4,390
478,Emissions|PM2.5,15
479,Emissions|SF6,993
480,Emissions|Sulfur,1200
481,Emissions|Sulfur|AFOLU,690
482,Emissions|Sulfur|AFOLU|Agriculture,20
483,Emissions|Sulfur|AFOLU|Land,25
484,Emissions|Sulfur|Energy,690
485,Emissions|Sulfur|Energy|Demand|Industry,686
486,Emissions|Sulfur|Energy|Demand|Residential and Commercial,635
487,Emissions|Sulfur|Energy|Demand|Residential and Commercial|Commercial,39
488,Emissions|Sulfur|Energy|Demand|Residential and Commercial|Residential,39
489,Emissions|Sulfur|Energy|Demand|Transportation,686
490,Emissions|Sulfur|Energy|Supply,686
491,Emissions|Sulfur|Industrial Processes,64
492,Emissions|Sulfur|Other,230
493,Emissions|Sulfur|Waste,129
494,Emissions|VOC,996
495,Emissions|VOC|AFOLU,690
496,Emissions|VOC|AFOLU|Agriculture,20
497,Emissions|VOC|AFOLU|Land,25
498,Emissions|VOC|Energy,690
499,Emissions|VOC|Energy|Demand|Industry,686
500,Emissions|VOC|Energy|Demand|Residential and Commercial,635
501,Emissions|VOC|Energy|Demand|Residential and Commercial|Commercial,39
502,Emissions|VOC|Energy|Demand|Residential and Commercial|Residential,39
503,Emissions|VOC|Energy|Demand|Transportation,686
504,Emissions|VOC|Energy|Supply,686
505,Emissions|VOC|Industrial Processes,64
506,Emissions|VOC|Other,230
507,Emissions|VOC|Waste,129
508,Employment,41
509,Employment|Agriculture,41
510,Employment|Industry,41
511,Employment|Industry|Energy Intensive,41
512,Employment|Service,41
513,Energy Service|Residential and Commercial|Commercial|Floor Space,9
514,Energy Service|Residential and Commercial|Floor Space,12
515,Energy Service|Residential and Commercial|Residential|Floor Space,48
516,Energy Service|Transportation|Aviation,16
517,Energy Service|Transportation|Freight,565
518,Energy Service|Transportation|Freight|Aviation,73
519,Energy Service|Transportation|Freight|International Shipping,89
520,Energy Service|Transportation|Freight|Navigation,89
521,Energy Service|Transportation|Freight|Railways,119
522,Energy Service|Transportation|Freight|Road,203
523,Energy Service|Transportation|Navigation,16
524,Energy Service|Transportation|Passenger,565
525,Energy Service|Transportation|Passenger|Aviation,119
526,Energy Service|Transportation|Passenger|Bicycling and Walking,55
527,Energy Service|Transportation|Passenger|Railways,119
528,Energy Service|Transportation|Passenger|Road,203
529,Energy Service|Transportation|Passenger|Road|Bus,89
530,Energy Service|Transportation|Passenger|Road|LDV,277
531,Energy Service|Transportation|Rail,16
532,Energy Service|Transportation|Road,16
533,Eutrophication|Marine|Electricity,15
534,Expenditure|Medical System|Incremental,41
535,Expenditure|RnD,84
536,Expenditure|household,41
537,Expenditure|household|Energy,41
538,Expenditure|household|Food,147
539,Expenditure|household|Services,41
540,Export|Energy,84
541,Fertilizer Use|Nitrogen,534
542,Fertilizer Use|Phosphorus,190
543,Final Energy,1187
544,Final Energy (excl. feedstocks)|Industry,39
545,Final Energy (excl. feedstocks)|Industry|Electricity,39
546,Final Energy (excl. feedstocks)|Industry|Gases,39
547,Final Energy (excl. feedstocks)|Industry|Gases|Fossil,39
548,Final Energy (excl. feedstocks)|Industry|Heat,39
549,Final Energy (excl. feedstocks)|Industry|Hydrogen,39
550,Final Energy (excl. feedstocks)|Industry|Liquids,39
551,Final Energy (excl. feedstocks)|Industry|Liquids|Bioenergy,39
552,Final Energy (excl. feedstocks)|Industry|Liquids|Fossil,39
553,Final Energy (excl. feedstocks)|Industry|Solids,39
554,Final Energy (excl. feedstocks)|Industry|Solids|Bioenergy,39
555,Final Energy (excl. feedstocks)|Industry|Solids|Fossil,39
556,Final Energy|Electricity,1168
557,Final Energy|Gases,1168
558,Final Energy|Geothermal,486
559,Final Energy|Heat,997
560,Final Energy|Hydrogen,1127
561,Final Energy|Industry,1096
562,Final Energy|Industry|Cement|Electricity,47
563,Final Energy|Industry|Cement|Gases,47
564,Final Energy|Industry|Cement|Heat,47
565,Final Energy|Industry|Cement|Hydrogen,47
566,Final Energy|Industry|Cement|Liquids,47
567,Final Energy|Industry|Cement|Liquids|Fossil,39
568,Final Energy|Industry|Cement|Solids,47
569,Final Energy|Industry|Cement|Solids|Bioenergy,39
570,Final Energy|Industry|Cement|Solids|Fossil,39
571,Final Energy|Industry|Chemicals|Ammonia|Electricity,39
572,Final Energy|Industry|Chemicals|Ammonia|Gases,39
573,Final Energy|Industry|Chemicals|Ammonia|Gases|Fossil,39
574,Final Energy|Industry|Chemicals|Ammonia|Liquids,39
575,Final Energy|Industry|Chemicals|Ammonia|Liquids|Bioenergy,39
576,Final Energy|Industry|Chemicals|Ammonia|Liquids|Fossil,39
577,Final Energy|Industry|Chemicals|Ammonia|Other,39
578,Final Energy|Industry|Chemicals|Ammonia|Solids,39
579,Final Energy|Industry|Chemicals|Ammonia|Solids|Bioenergy,39
580,Final Energy|Industry|Chemicals|Ammonia|Solids|Fossil,39
581,Final Energy|Industry|Chemicals|Electricity,47
582,Final Energy|Industry|Chemicals|Gases,47
583,Final Energy|Industry|Chemicals|Heat,8
584,Final Energy|Industry|Chemicals|High value chemicals|Electricity,39
585,Final Energy|Industry|Chemicals|High value chemicals|Gases,39
586,Final Energy|Industry|Chemicals|High value chemicals|Gases|Fossil,39
587,Final Energy|Industry|Chemicals|High value chemicals|Liquids,39
588,Final Energy|Industry|Chemicals|High value chemicals|Liquids|Bioenergy,39
589,Final Energy|Industry|Chemicals|High value chemicals|Liquids|Fossil,39
590,Final Energy|Industry|Chemicals|High value chemicals|Solids,39
591,Final Energy|Industry|Chemicals|High value chemicals|Solids|Bioenergy,39
592,Final Energy|Industry|Chemicals|High value chemicals|Solids|Fossil,39
593,Final Energy|Industry|Chemicals|Hydrogen,8
594,Final Energy|Industry|Chemicals|Liquids,47
595,Final Energy|Industry|Chemicals|Liquids|Bioenergy,39
596,Final Energy|Industry|Chemicals|Liquids|Fossil,39
597,Final Energy|Industry|Chemicals|Solids,47
598,Final Energy|Industry|Chemicals|Solids|Bioenergy,39
599,Final Energy|Industry|Chemicals|Solids|Fossil,39
600,Final Energy|Industry|Electricity,1054
601,Final Energy|Industry|Gases,1054
602,Final Energy|Industry|Gases|Bioenergy,112
603,Final Energy|Industry|Heat,808
604,Final Energy|Industry|Hydrogen,961
605,Final Energy|Industry|Liquids,1054
606,Final Energy|Industry|Liquids|Oil,32
607,Final Energy|Industry|Other,435
608,Final Energy|Industry|Other|Electricity,47
609,Final Energy|Industry|Other|Gases,47
610,Final Energy|Industry|Other|Gases|Fossil,39
611,Final Energy|Industry|Other|Heat,47
612,Final Energy|Industry|Other|Hydrogen,47
613,Final Energy|Industry|Other|Liquids,47
614,Final Energy|Industry|Other|Liquids|Bioenergy,39
615,Final Energy|Industry|Other|Liquids|Fossil,39
616,Final Energy|Industry|Other|Solids,47
617,Final Energy|Industry|Other|Solids|Bioenergy,39
618,Final Energy|Industry|Other|Solids|Fossil,39
619,Final Energy|Industry|Solids,1054
620,Final Energy|Industry|Solids|Biomass,933
621,Final Energy|Industry|Solids|Coal,933
622,Final Energy|Industry|Steel|Electricity,47
623,Final Energy|Industry|Steel|Gases,47
624,Final Energy|Industry|Steel|Heat,59
625,Final Energy|Industry|Steel|Hydrogen,47
626,Final Energy|Industry|Steel|Liquids,47
627,Final Energy|Industry|Steel|Liquids|Fossil,39
628,Final Energy|Industry|Steel|Solids,47
629,Final Energy|Industry|Steel|Solids|Bioenergy,39
630,Final Energy|Industry|Steel|Solids|Fossil,39
631,Final Energy|Liquids,1168
632,Final Energy|Non-Energy Use,442
633,Final Energy|Non-Energy Use|Biomass,421
634,Final Energy|Non-Energy Use|Coal,542
635,Final Energy|Non-Energy Use|Gas,463
636,Final Energy|Non-Energy Use|Oil,470
637,Final Energy|Other,121
638,Final Energy|Other Sector,446
639,Final Energy|Other Sector|Electricity,446
640,Final Energy|Other Sector|Gases,446
641,Final Energy|Other Sector|Heat,191
642,Final Energy|Other Sector|Hydrogen,405
643,Final Energy|Other Sector|Liquids,446
644,Final Energy|Other Sector|Other,80
645,Final Energy|Other Sector|Solids,256
646,Final Energy|Other Sector|Solids|Biomass,169
647,Final Energy|Other Sector|Solids|Biomass|Traditional,70
648,Final Energy|Other Sector|Solids|Coal,176
649,Final Energy|Residential and Commercial,1045
650,Final Energy|Residential and Commercial|Appliances,43
651,Final Energy|Residential and Commercial|Commercial,287
652,Final Energy|Residential and Commercial|Commercial|Appliances,39
653,Final Energy|Residential and Commercial|Commercial|Cooling,45
654,Final Energy|Residential and Commercial|Commercial|Electricity,222
655,Final Energy|Residential and Commercial|Commercial|Gases,252
656,Final Energy|Residential and Commercial|Commercial|Heat,111
657,Final Energy|Residential and Commercial|Commercial|Heating,39
658,Final Energy|Residential and Commercial|Commercial|Heating|Cooking,39
659,Final Energy|Residential and Commercial|Commercial|Heating|Space,45
660,Final Energy|Residential and Commercial|Commercial|Heating|Water,39
661,Final Energy|Residential and Commercial|Commercial|Hydrogen,127
662,Final Energy|Residential and Commercial|Commercial|Lighting,39
663,Final Energy|Residential and Commercial|Commercial|Liquids,252
664,Final Energy|Residential and Commercial|Commercial|Solids,252
665,Final Energy|Residential and Commercial|Commercial|Solids|Biomass,111
666,Final Energy|Residential and Commercial|Commercial|Solids|Biomass|Traditional,105
667,Final Energy|Residential and Commercial|Commercial|Solids|Coal,111
668,Final Energy|Residential and Commercial|Cooling,49
669,Final Energy|Residential and Commercial|Electricity,955
670,Final Energy|Residential and Commercial|Gases,955
671,Final Energy|Residential and Commercial|Heat,868
672,Final Energy|Residential and Commercial|Heating,39
673,Final Energy|Residential and Commercial|Heating|Cooking,39
674,Final Energy|Residential and Commercial|Heating|Space,49
675,Final Energy|Residential and Commercial|Heating|Water,43
676,Final Energy|Residential and Commercial|Hydrogen,817
677,Final Energy|Residential and Commercial|Lighting,39
678,Final Energy|Residential and Commercial|Liquids,955
679,Final Energy|Residential and Commercial|Other,441
680,Final Energy|Residential and Commercial|Residential,333
681,Final Energy|Residential and Commercial|Residential|Appliances,39
682,Final Energy|Residential and Commercial|Residential|Cooling,45
683,Final Energy|Residential and Commercial|Residential|Electricity,252
684,Final Energy|Residential and Commercial|Residential|Gases,252
685,Final Energy|Residential and Commercial|Residential|Heat,111
686,Final Energy|Residential and Commercial|Residential|Heating,39
687,Final Energy|Residential and Commercial|Residential|Heating|Cooking,39
688,Final Energy|Residential and Commercial|Residential|Heating|Space,45
689,Final Energy|Residential and Commercial|Residential|Heating|Water,39
690,Final Energy|Residential and Commercial|Residential|Hydrogen,127
691,Final Energy|Residential and Commercial|Residential|Lighting,39
692,Final Energy|Residential and Commercial|Residential|Liquids,252
693,Final Energy|Residential and Commercial|Residential|Solids,246
694,Final Energy|Residential and Commercial|Residential|Solids|Biomass,105
695,Final Energy|Residential and Commercial|Residential|Solids|Biomass|Traditional,105
696,Final Energy|Residential and Commercial|Residential|Solids|Coal,105
697,Final Energy|Residential and Commercial|Solids,928
698,Final Energy|Residential and Commercial|Solids|Biomass,851
699,Final Energy|Residential and Commercial|Solids|Biomass|Traditional,464
700,Final Energy|Residential and Commercial|Solids|Coal,851
701,Final Energy|Solar,667
702,Final Energy|Solids,1168
703,Final Energy|Solids|Biomass,1168
704,Final Energy|Solids|Biomass|Traditional,889
705,Final Energy|Solids|Coal,1168
706,Final Energy|Transportation,1186
707,Final Energy|Transportation|Aviation,5
708,Final Energy|Transportation|Aviation|Freight,39
709,Final Energy|Transportation|Aviation|Passenger,55
710,Final Energy|Transportation|Electricity,1186
711,Final Energy|Transportation|Freight,676
712,Final Energy|Transportation|Freight|Electricity,253
713,Final Energy|Transportation|Freight|Gases,133
714,Final Energy|Transportation|Freight|Hydrogen,204
715,Final Energy|Transportation|Freight|Liquids,384
716,Final Energy|Transportation|Freight|Liquids|Bioenergy,462
717,Final Energy|Transportation|Freight|Liquids|Oil,351
718,Final Energy|Transportation|Freight|Other,232
719,Final Energy|Transportation|Gases,996
720,Final Energy|Transportation|Gases|Bioenergy,16
721,Final Energy|Transportation|Gases|Fossil,55
722,Final Energy|Transportation|Hydrogen,1113
723,Final Energy|Transportation|Liquids,1117
724,Final Energy|Transportation|Liquids|Bioenergy,687
725,Final Energy|Transportation|Liquids|Coal,572
726,Final Energy|Transportation|Liquids|Natural Gas,150
727,Final Energy|Transportation|Liquids|Oil,968
728,Final Energy|Transportation|Maritime,16
729,Final Energy|Transportation|Other,638
730,Final Energy|Transportation|Passenger,535
731,Final Energy|Transportation|Passenger|Electricity,461
732,Final Energy|Transportation|Passenger|Gases,126
733,Final Energy|Transportation|Passenger|Gases|Fossil,39
734,Final Energy|Transportation|Passenger|Hydrogen,377
735,Final Energy|Transportation|Passenger|Liquids,377
736,Final Energy|Transportation|Passenger|Liquids|Bioenergy,416
737,Final Energy|Transportation|Passenger|Liquids|Oil,344
738,Final Energy|Transportation|Passenger|Other,226
739,Final Energy|Transportation|Rail,60
740,Final Energy|Transportation|Rail|Freight,55
741,Final Energy|Transportation|Rail|Passenger,55
742,Final Energy|Transportation|Road|Freight,61
743,Final Energy|Transportation|Road|Freight|Electric,22
744,Final Energy|Transportation|Road|Freight|FC,16
745,Final Energy|Transportation|Road|Freight|ICE,16
746,Final Energy|Transportation|Road|Passenger,61
747,Final Energy|Transportation|Road|Passenger|2W&3W,22
748,Final Energy|Transportation|Road|Passenger|Bus,55
749,Final Energy|Transportation|Road|Passenger|LDV,151
750,Food Demand,765
751,Food Demand|Crops,733
752,Food Demand|Livestock,733
753,Food Energy Supply,232
754,Food Energy Supply|Livestock,162
755,Forcing,475
756,Forcing|Aerosol,374
757,Forcing|Aerosol|BC,307
758,Forcing|Aerosol|Black and Organic Carbon,154
759,Forcing|Aerosol|Cloud Indirect,357
760,Forcing|Aerosol|OC,307
761,Forcing|Aerosol|Other,307
762,Forcing|Aerosol|Sulfate Direct,357
763,Forcing|Albedo Change and Mineral Dust,282
764,Forcing|CH4,380
765,Forcing|CO2,380
766,Forcing|F-Gases,330
767,Forcing|Kyoto Gases,396
768,Forcing|Montreal Gases,338
769,Forcing|N2O,380
770,Forcing|Other,363
771,Forcing|Tropospheric Ozone,374
772,Forestry Demand|Roundwood,302
773,Forestry Demand|Roundwood|Industrial Roundwood,302
774,Forestry Demand|Roundwood|Wood Fuel,302
775,Forestry Production|Roundwood,382
776,Forestry Production|Roundwood|Industrial Roundwood,302
777,Forestry Production|Roundwood|Wood Fuel,302
778,GDP|MER,1010
779,GDP|PPP,1026
780,Human Toxicity|Electricity,15
781,Import|Energy,84
782,Interest Rate|Real,186
783,Investment,431
784,Investment|Energy Demand|Transportation|Freight|Road|HDT|EV,88
785,Investment|Energy Demand|Transportation|Freight|Road|HDT|ICE,88
786,Investment|Energy Demand|Transportation|Passenger|Road|LDV|EV,98
787,Investment|Energy Demand|Transportation|Passenger|Road|LDV|FCV,77
788,Investment|Energy Demand|Transportation|Passenger|Road|LDV|ICE,88
789,Investment|Energy Efficiency,103
790,Investment|Energy Supply,899
791,Investment|Energy Supply|CO2 Transport and Storage,621
792,Investment|Energy Supply|Electricity,846
793,Investment|Energy Supply|Electricity|Biomass,726
794,Investment|Energy Supply|Electricity|Biomass|w/ CCS,735
795,Investment|Energy Supply|Electricity|Biomass|w/o CCS,740
796,Investment|Energy Supply|Electricity|Coal,726
797,Investment|Energy Supply|Electricity|Coal|w/ CCS,734
798,Investment|Energy Supply|Electricity|Coal|w/o CCS,740
799,Investment|Energy Supply|Electricity|Electricity Storage,555
800,Investment|Energy Supply|Electricity|Fossil,780
801,Investment|Energy Supply|Electricity|Gas,726
802,Investment|Energy Supply|Electricity|Gas|w/ CCS,735
803,Investment|Energy Supply|Electricity|Gas|w/o CCS,740
804,Investment|Energy Supply|Electricity|Geothermal,539
805,Investment|Energy Supply|Electricity|Hydro,741
806,Investment|Energy Supply|Electricity|Non-Biomass Renewables,741
807,Investment|Energy Supply|Electricity|Non-fossil,681
808,Investment|Energy Supply|Electricity|Nuclear,741
809,Investment|Energy Supply|Electricity|Ocean,80
810,Investment|Energy Supply|Electricity|Oil,611
811,Investment|Energy Supply|Electricity|Oil|w/ CCS,156
812,Investment|Energy Supply|Electricity|Oil|w/o CCS,740
813,Investment|Energy Supply|Electricity|Other,399
814,Investment|Energy Supply|Electricity|Renewables (incl. Biomass),741
815,Investment|Energy Supply|Electricity|Solar,741
816,Investment|Energy Supply|Electricity|Transmission and Distribution,570
817,Investment|Energy Supply|Electricity|Wind,741
818,Investment|Energy Supply|Extraction|Bioenergy,191
819,Investment|Energy Supply|Extraction|Coal,453
820,Investment|Energy Supply|Extraction|Fossil,503
821,Investment|Energy Supply|Extraction|Gas,453
822,Investment|Energy Supply|Extraction|Oil,541
823,Investment|Energy Supply|Extraction|Uranium,326
824,Investment|Energy Supply|Heat,469
825,Investment|Energy Supply|Hydrogen,586
826,Investment|Energy Supply|Hydrogen|Biomass,17
827,Investment|Energy Supply|Hydrogen|Electricity,9
828,Investment|Energy Supply|Hydrogen|Fossil,574
829,Investment|Energy Supply|Hydrogen|Other,267
830,Investment|Energy Supply|Hydrogen|Renewable,498
831,Investment|Energy Supply|Liquids,614
832,Investment|Energy Supply|Liquids|Biomass,549
833,Investment|Energy Supply|Liquids|Coal and Gas,438
834,Investment|Energy Supply|Liquids|Oil,469
835,Investment|Energy Supply|Other,222
836,Investment|Infrastructure|Residential and Commercial|Building Retrofits,10
837,Investment|Infrastructure|Transportation,76
838,Investment|RnD|Energy Supply,88
839,Land Cover,834
840,Land Cover|Built-up Area,501
841,Land Cover|Cropland,922
842,Land Cover|Cropland|Cereals,390
843,Land Cover|Cropland|Energy Crops,787
844,Land Cover|Cropland|Energy Crops|2nd generation,28
845,Land Cover|Cropland|Energy Crops|Irrigated,176
846,Land Cover|Cropland|Irrigated,608
847,Land Cover|Cropland|Rainfed,270
848,Land Cover|Forest,936
849,Land Cover|Forest|Afforestation and Reforestation,490
850,Land Cover|Forest|Forestry|Harvested Area,121
851,Land Cover|Forest|Managed,427
852,Land Cover|Forest|Natural Forest,655
853,Land Cover|Forest|Secondary,28
854,Land Cover|Other Arable Land,242
855,Land Cover|Other Land,738
856,Land Cover|Pasture,921
857,Lifetime|Electricity|Biomass|w/ CCS,406
858,Lifetime|Electricity|Biomass|w/o CCS,376
859,Lifetime|Electricity|Coal|w/ CCS,406
860,Lifetime|Electricity|Coal|w/o CCS,376
861,Lifetime|Electricity|Gas|w/ CCS,406
862,Lifetime|Electricity|Gas|w/o CCS,376
863,Lifetime|Electricity|Geothermal,476
864,Lifetime|Electricity|Hydro,590
865,Lifetime|Electricity|Nuclear,590
866,Lifetime|Electricity|Solar|CSP,406
867,Lifetime|Electricity|Solar|PV,590
868,Lifetime|Electricity|Wind,342
869,Lifetime|Electricity|Wind|Offshore,412
870,Lifetime|Electricity|Wind|Onshore,412
871,Lifetime|Gases|Biomass|w/o CCS,396
872,Lifetime|Gases|Coal|w/o CCS,396
873,Lifetime|Hydrogen|Biomass|w/ CCS,426
874,Lifetime|Hydrogen|Biomass|w/o CCS,426
875,Lifetime|Hydrogen|Coal|w/ CCS,426
876,Lifetime|Hydrogen|Coal|w/o CCS,426
877,Lifetime|Hydrogen|Electricity,425
878,Lifetime|Hydrogen|Gas|w/ CCS,426
879,Lifetime|Hydrogen|Gas|w/o CCS,396
880,Lifetime|Liquids|Biomass|w/ CCS,396
881,Lifetime|Liquids|Biomass|w/o CCS,396
882,Lifetime|Liquids|Coal|w/ CCS,396
883,Lifetime|Liquids|Coal|w/o CCS,396
884,Lifetime|Liquids|Gas|w/ CCS,184
885,Lifetime|Liquids|Gas|w/o CCS,184
886,Lifetime|Liquids|Oil,212
887,Material recycling|Chemicals,39
888,Material recycling|Plastics,39
889,OM Cost|Fixed|Electricity|Biomass|w/ CCS,387
890,OM Cost|Fixed|Electricity|Biomass|w/o CCS,417
891,OM Cost|Fixed|Electricity|Coal|w/ CCS,387
892,OM Cost|Fixed|Electricity|Coal|w/o CCS,424
893,OM Cost|Fixed|Electricity|Gas|w/ CCS,387
894,OM Cost|Fixed|Electricity|Gas|w/o CCS,424
895,OM Cost|Fixed|Electricity|Geothermal,516
896,OM Cost|Fixed|Electricity|Hydro,607
897,OM Cost|Fixed|Electricity|Nuclear,607
898,OM Cost|Fixed|Electricity|Solar|CSP,383
899,OM Cost|Fixed|Electricity|Solar|PV,607
900,OM Cost|Fixed|Electricity|Wind,303
901,OM Cost|Fixed|Electricity|Wind|Offshore,388
902,OM Cost|Fixed|Electricity|Wind|Onshore,429
903,OM Cost|Fixed|Gases|Biomass|w/o CCS,395
904,OM Cost|Fixed|Gases|Coal|w/o CCS,395
905,OM Cost|Fixed|Hydrogen|Biomass|w/ CCS,465
906,OM Cost|Fixed|Hydrogen|Biomass|w/o CCS,465
907,OM Cost|Fixed|Hydrogen|Coal|w/ CCS,465
908,OM Cost|Fixed|Hydrogen|Coal|w/o CCS,465
909,OM Cost|Fixed|Hydrogen|Electricity,465
910,OM Cost|Fixed|Hydrogen|Gas|w/ CCS,465
911,OM Cost|Fixed|Hydrogen|Gas|w/o CCS,465
912,OM Cost|Fixed|Liquids|Biomass|w/ CCS,503
913,OM Cost|Fixed|Liquids|Biomass|w/o CCS,506
914,OM Cost|Fixed|Liquids|Coal|w/ CCS,395
915,OM Cost|Fixed|Liquids|Coal|w/o CCS,395
916,OM Cost|Fixed|Liquids|Gas|w/ CCS,183
917,OM Cost|Fixed|Liquids|Gas|w/o CCS,183
918,OM Cost|Fixed|Liquids|Oil,253
919,Policy Cost|Additional Total Energy System Cost,375
920,Policy Cost|Area under MAC Curve,229
921,Policy Cost|Consumption Loss,608
922,Policy Cost|Default for CAV,147
923,Policy Cost|Equivalent Variation,7
924,Policy Cost|GDP Loss,670
925,Policy Cost|Other,41
926,Policy Cost|Welfare Change,88
927,Population,1090
928,Population|Electricity Access,39
929,Population|Extreme poverty,8
930,Population|Relying on Solid Fuels,54
931,Population|Risk of Hunger,154
932,Population|Rural,341
933,Population|Urban,379
934,Premature Deaths|PM2.5,12
935,Price|Agriculture|Corn|Index,51
936,Price|Agriculture|Livestock|Index,42
937,Price|Agriculture|Non-Energy Crops and Livestock|Index,375
938,Price|Agriculture|Non-Energy Crops|Index,192
939,Price|Agriculture|Rice|Index,33
940,Price|Agriculture|Soybean|Index,81
941,Price|Agriculture|Wheat|Index,81
942,Price|Carbon,1116
943,Price|Final Energy|Residential and Commercial|Residential|Electricity,534
944,Price|Final Energy|Residential and Commercial|Residential|Gases|Natural Gas,442
945,Price|Final Energy|Residential and Commercial|Residential|Liquids|Biomass,242
946,Price|Final Energy|Residential and Commercial|Residential|Liquids|Oil,433
947,Price|Final Energy|Residential and Commercial|Residential|Solids|Biomass,442
948,Price|Final Energy|Residential and Commercial|Residential|Solids|Coal,445
949,Price|Final Energy|Transportation|Electricity,130
950,Price|Final Energy|Transportation|Gases,19
951,Price|Final Energy|Transportation|Hydrogen,121
952,Price|Final Energy|Transportation|Liquids,148
953,Price|Final Energy|Transportation|Liquids|Bioenergy,27
954,Price|Primary Energy|Biomass,662
955,Price|Primary Energy|Coal,838
956,Price|Primary Energy|Gas,838
957,Price|Primary Energy|Oil,838
958,Price|Secondary Energy|Electricity,819
959,Price|Secondary Energy|Gases|Natural Gas,505
960,Price|Secondary Energy|Hydrogen,448
961,Price|Secondary Energy|Liquids,564
962,Price|Secondary Energy|Liquids|Biomass,649
963,Price|Secondary Energy|Liquids|Oil,665
964,Price|Secondary Energy|Solids|Biomass,162
965,Price|Secondary Energy|Solids|Coal,393
966,Primary Energy,1193
967,Primary Energy|Biomass,1191
968,Primary Energy|Biomass|1st Generation,553
969,Primary Energy|Biomass|Electricity,736
970,Primary Energy|Biomass|Electricity|w/ CCS,682
971,Primary Energy|Biomass|Electricity|w/o CCS,685
972,Primary Energy|Biomass|Energy Crops,547
973,Primary Energy|Biomass|Gases,338
974,Primary Energy|Biomass|Hydrogen,408
975,Primary Energy|Biomass|Liquids,409
976,Primary Energy|Biomass|Modern,950
977,Primary Energy|Biomass|Modern|w/ CCS,959
978,Primary Energy|Biomass|Modern|w/o CCS,928
979,Primary Energy|Biomass|Residues,545
980,Primary Energy|Biomass|Solids,414
981,Primary Energy|Biomass|Traditional,958
982,Primary Energy|Coal,1193
983,Primary Energy|Coal|Electricity,711
984,Primary Energy|Coal|Electricity|w/ CCS,615
985,Primary Energy|Coal|Electricity|w/o CCS,618
986,Primary Energy|Coal|Gases,338
987,Primary Energy|Coal|Hydrogen,399
988,Primary Energy|Coal|Liquids,338
989,Primary Energy|Coal|Solids,338
990,Primary Energy|Coal|w/ CCS,1132
991,Primary Energy|Coal|w/o CCS,1140
992,Primary Energy|Fossil,1193
993,Primary Energy|Fossil|w/ CCS,1067
994,Primary Energy|Fossil|w/o CCS,1086
995,Primary Energy|Gas,1193
996,Primary Energy|Gas|Electricity,702
997,Primary Energy|Gas|Electricity|w/ CCS,624
998,Primary Energy|Gas|Electricity|w/o CCS,627
999,Primary Energy|Gas|Gases,362
1000,Primary Energy|Gas|Hydrogen,509
1001,Primary Energy|Gas|Liquids,362
1002,Primary Energy|Gas|Solids,184
1003,Primary Energy|Gas|w/ CCS,1155
1004,Primary Energy|Gas|w/o CCS,1164
1005,Primary Energy|Geothermal,863
1006,Primary Energy|Hydro,1070
1007,Primary Energy|Non-Biomass Renewables,1193
1008,Primary Energy|Non-Biomass Renewables|Geothermal,86
1009,Primary Energy|Non-Biomass Renewables|Hydro,126
1010,Primary Energy|Non-Biomass Renewables|Ocean,6
1011,Primary Energy|Non-Biomass Renewables|Solar,126
1012,Primary Energy|Non-Biomass Renewables|Wind,126
1013,Primary Energy|Nuclear,1193
1014,Primary Energy|Ocean,347
1015,Primary Energy|Oil,1193
1016,Primary Energy|Oil|Electricity,629
1017,Primary Energy|Oil|Electricity|w/ CCS,542
1018,Primary Energy|Oil|Electricity|w/o CCS,545
1019,Primary Energy|Oil|Gases,184
1020,Primary Energy|Oil|Hydrogen,254
1021,Primary Energy|Oil|Liquids,184
1022,Primary Energy|Oil|Solids,184
1023,Primary Energy|Oil|w/ CCS,510
1024,Primary Energy|Oil|w/o CCS,1120
1025,Primary Energy|Other,604
1026,Primary Energy|Renewables (incl. Biomass),1193
1027,Primary Energy|Secondary Energy Trade,377
1028,Primary Energy|Solar,1063
1029,Primary Energy|Wind,1063
1030,Production|Cement,131
1031,Production|Chemicals,39
1032,Production|Non-ferrous metals,6
1033,Production|Pulp and Paper,39
1034,Production|Steel,161
1035,Resource|Extraction|Coal,121
1036,Resource|Extraction|Gas,121
1037,Resource|Extraction|Oil,121
1038,Resource|Use|Mineral|Electricity,15
1039,Secondary Energy,790
1040,Secondary Energy|Electricity,1193
1041,Secondary Energy|Electricity|Biomass,1193
1042,Secondary Energy|Electricity|Biomass|w/ CCS,1158
1043,Secondary Energy|Electricity|Biomass|w/o CCS,1167
1044,Secondary Energy|Electricity|Coal,1194
1045,Secondary Energy|Electricity|Coal|w/ CCS,1166
1046,Secondary Energy|Electricity|Coal|w/o CCS,1174
1047,Secondary Energy|Electricity|Curtailment,251
1048,Secondary Energy|Electricity|Fossil,1194
1049,Secondary Energy|Electricity|Fossil|w/ CCS,579
1050,Secondary Energy|Electricity|Fossil|w/o CCS,629
1051,Secondary Energy|Electricity|Gas,1194
1052,Secondary Energy|Electricity|Gas|w/ CCS,1165
1053,Secondary Energy|Electricity|Gas|w/o CCS,1174
1054,Secondary Energy|Electricity|Geothermal,912
1055,Secondary Energy|Electricity|Hydro,1194
1056,Secondary Energy|Electricity|Non-Biomass Renewables,1194
1057,Secondary Energy|Electricity|Nuclear,1194
1058,Secondary Energy|Electricity|Ocean,113
1059,Secondary Energy|Electricity|Oil,1194
1060,Secondary Energy|Electricity|Oil|w/ CCS,446
1061,Secondary Energy|Electricity|Oil|w/o CCS,1060
1062,Secondary Energy|Electricity|Other,540
1063,Secondary Energy|Electricity|Renewables (incl. Biomass),1194
1064,Secondary Energy|Electricity|Solar,1187
1065,Secondary Energy|Electricity|Solar|CSP,912
1066,Secondary Energy|Electricity|Solar|PV,953
1067,Secondary Energy|Electricity|Storage Losses,261
1068,Secondary Energy|Electricity|Transmission Losses,232
1069,Secondary Energy|Electricity|Wind,1187
1070,Secondary Energy|Electricity|Wind|Offshore,653
1071,Secondary Energy|Electricity|Wind|Onshore,694
1072,Secondary Energy|Gases,1111
1073,Secondary Energy|Gases|Biomass,611
1074,Secondary Energy|Gases|Coal,611
1075,Secondary Energy|Gases|Natural Gas,945
1076,Secondary Energy|Gases|Other,283
1077,Secondary Energy|Heat,767
1078,Secondary Energy|Heat|Biomass,463
1079,Secondary Energy|Heat|Coal,463
1080,Secondary Energy|Heat|Fossil,463
1081,Secondary Energy|Heat|Gas,463
1082,Secondary Energy|Heat|Geothermal,519
1083,Secondary Energy|Heat|Non-Biomass Renewables,599
1084,Secondary Energy|Heat|Nuclear,41
1085,Secondary Energy|Heat|Oil,239
1086,Secondary Energy|Heat|Other,191
1087,Secondary Energy|Heat|Renewables (incl. Biomass),606
1088,Secondary Energy|Heat|Solar,80
1089,Secondary Energy|Hydrogen,953
1090,Secondary Energy|Hydrogen|Biomass,694
1091,Secondary Energy|Hydrogen|Biomass|w/ CCS,691
1092,Secondary Energy|Hydrogen|Biomass|w/o CCS,693
1093,Secondary Energy|Hydrogen|Coal,571
1094,Secondary Energy|Hydrogen|Coal|w/ CCS,564
1095,Secondary Energy|Hydrogen|Coal|w/o CCS,570
1096,Secondary Energy|Hydrogen|Electricity,771
1097,Secondary Energy|Hydrogen|Fossil,706
1098,Secondary Energy|Hydrogen|Fossil|w/ CCS,546
1099,Secondary Energy|Hydrogen|Fossil|w/o CCS,548
1100,Secondary Energy|Hydrogen|Gas,648
1101,Secondary Energy|Hydrogen|Gas|w/ CCS,647
1102,Secondary Energy|Hydrogen|Gas|w/o CCS,647
1103,Secondary Energy|Hydrogen|Non-Biomass Renewables,150
1104,Secondary Energy|Hydrogen|Nuclear,80
1105,Secondary Energy|Hydrogen|Oil,70
1106,Secondary Energy|Hydrogen|Other,110
1107,Secondary Energy|Hydrogen|Renewables (incl. Biomass),694
1108,Secondary Energy|Hydrogen|Solar,150
1109,Secondary Energy|Liquids,1111
1110,Secondary Energy|Liquids|Biomass,1016
1111,Secondary Energy|Liquids|Biomass|1st Generation,456
1112,Secondary Energy|Liquids|Biomass|Energy Crops,487
1113,Secondary Energy|Liquids|Biomass|Other,39
1114,Secondary Energy|Liquids|Biomass|Residues,364
1115,Secondary Energy|Liquids|Biomass|w/ CCS,818
1116,Secondary Energy|Liquids|Biomass|w/o CCS,919
1117,Secondary Energy|Liquids|Coal,727
1118,Secondary Energy|Liquids|Coal|w/ CCS,684
1119,Secondary Energy|Liquids|Coal|w/o CCS,692
1120,Secondary Energy|Liquids|Fossil,726
1121,Secondary Energy|Liquids|Fossil|w/ CCS,525
1122,Secondary Energy|Liquids|Fossil|w/o CCS,642
1123,Secondary Energy|Liquids|Gas,590
1124,Secondary Energy|Liquids|Gas|w/ CCS,544
1125,Secondary Energy|Liquids|Gas|w/o CCS,544
1126,Secondary Energy|Liquids|Oil,1016
1127,Secondary Energy|Liquids|Other,80
1128,Secondary Energy|Solids,1004
1129,Secondary Energy|Solids|Biomass,637
1130,Secondary Energy|Solids|Coal,721
1131,Subsidies|Energy,248
1132,Subsidies|Energy|Fossil,292
1133,Temperature|Global Mean,240
1134,Trade,407
1135,Trade|Primary Energy|Biomass|Volume,739
1136,Trade|Primary Energy|Coal|Volume,873
1137,Trade|Primary Energy|Gas|Volume,873
1138,Trade|Primary Energy|Oil|Volume,873
1139,Trade|Secondary Energy|Electricity|Volume,315
1140,Trade|Secondary Energy|Hydrogen|Volume,201
1141,Trade|Secondary Energy|Liquids|Biomass|Volume,297
1142,Trade|Secondary Energy|Liquids|Coal|Volume,184
1143,Trade|Secondary Energy|Liquids|Oil|Volume,290
1144,Trade|Uranium|Mass,212
1145,Transport|Stock|Road|Passenger|LDV,27
1146,Unemployment,41
1147,Unemployment|Rate,75
1148,Value Added|Agriculture,82
1149,Value Added|Industry,129
1150,Value Added|Industry|Energy,34
1151,Value Added|Industry|Energy Intensive,41
1152,Value Added|Residential and Commercial|Commercial,71
1153,Water Consumption,315
1154,Water Consumption|Electricity,411
1155,Water Consumption|Electricity w/o Hydro,23
1156,Water Consumption|Electricity|Biomass,387
1157,Water Consumption|Electricity|Biomass|w/ CCS,384
1158,Water Consumption|Electricity|Biomass|w/o CCS,387
1159,Water Consumption|Electricity|Coal,387
1160,Water Consumption|Electricity|Coal|w/ CCS,384
1161,Water Consumption|Electricity|Coal|w/o CCS,387
1162,Water Consumption|Electricity|Cooling Pond,162
1163,Water Consumption|Electricity|Dry Cooling,346
1164,Water Consumption|Electricity|Fossil,387
1165,Water Consumption|Electricity|Fossil|w/ CCS,384
1166,Water Consumption|Electricity|Fossil|w/o CCS,387
1167,Water Consumption|Electricity|Gas,387
1168,Water Consumption|Electricity|Gas|w/ CCS,384
1169,Water Consumption|Electricity|Gas|w/o CCS,387
1170,Water Consumption|Electricity|Geothermal,303
1171,Water Consumption|Electricity|Hydro,387
1172,Water Consumption|Electricity|Non-Biomass Renewables,387
1173,Water Consumption|Electricity|Nuclear,387
1174,Water Consumption|Electricity|Oil,387
1175,Water Consumption|Electricity|Oil|w/ CCS,108
1176,Water Consumption|Electricity|Oil|w/o CCS,203
1177,Water Consumption|Electricity|Once Through,346
1178,Water Consumption|Electricity|Other,254
1179,Water Consumption|Electricity|Sea Cooling,338
1180,Water Consumption|Electricity|Solar,346
1181,Water Consumption|Electricity|Solar|CSP,346
1182,Water Consumption|Electricity|Solar|PV,346
1183,Water Consumption|Electricity|Wet Tower,346
1184,Water Consumption|Electricity|Wind,303
1185,Water Consumption|Extraction,184
1186,Water Consumption|Extraction|Coal,184
1187,Water Consumption|Extraction|Gas,184
1188,Water Consumption|Extraction|Oil,184
1189,Water Consumption|Extraction|Uranium,184
1190,Water Consumption|Gases,184
1191,Water Consumption|Gases|Biomass,184
1192,Water Consumption|Gases|Coal,184
1193,Water Consumption|Heat,184
1194,Water Consumption|Heat|Biomass,184
1195,Water Consumption|Heat|Coal,184
1196,Water Consumption|Heat|Gas,184
1197,Water Consumption|Heat|Geothermal,184
1198,Water Consumption|Heat|Oil,184
1199,Water Consumption|Heat|Other,184
1200,Water Consumption|Hydrogen,184
1201,Water Consumption|Hydrogen|Biomass,184
1202,Water Consumption|Hydrogen|Biomass|w/ CCS,184
1203,Water Consumption|Hydrogen|Biomass|w/o CCS,184
1204,Water Consumption|Hydrogen|Coal,184
1205,Water Consumption|Hydrogen|Coal|w/ CCS,184
1206,Water Consumption|Hydrogen|Coal|w/o CCS,184
1207,Water Consumption|Hydrogen|Electricity,184
1208,Water Consumption|Hydrogen|Fossil,184
1209,Water Consumption|Hydrogen|Fossil|w/ CCS,184
1210,Water Consumption|Hydrogen|Fossil|w/o CCS,184
1211,Water Consumption|Hydrogen|Gas,184
1212,Water Consumption|Hydrogen|Gas|w/ CCS,184
1213,Water Consumption|Hydrogen|Gas|w/o CCS,184
1214,Water Consumption|Industrial Water,110
1215,Water Consumption|Irrigation,268
1216,Water Consumption|Liquids,184
1217,Water Consumption|Liquids|Biomass,184
1218,Water Consumption|Liquids|Biomass|w/ CCS,184
1219,Water Consumption|Liquids|Biomass|w/o CCS,184
1220,Water Consumption|Liquids|Coal,184
1221,Water Consumption|Liquids|Coal|w/ CCS,184
1222,Water Consumption|Liquids|Coal|w/o CCS,184
1223,Water Consumption|Liquids|Fossil,184
1224,Water Consumption|Liquids|Fossil|w/ CCS,184
1225,Water Consumption|Liquids|Fossil|w/o CCS,184
1226,Water Consumption|Liquids|Gas,184
1227,Water Consumption|Liquids|Gas|w/ CCS,184
1228,Water Consumption|Liquids|Gas|w/o CCS,184
1229,Water Consumption|Liquids|Oil,184
1230,Water Consumption|Municipal Water,110
1231,Water Withdrawal,348
1232,Water Withdrawal|Electricity,396
1233,Water Withdrawal|Electricity|Biomass,387
1234,Water Withdrawal|Electricity|Biomass|w/ CCS,384
1235,Water Withdrawal|Electricity|Biomass|w/o CCS,387
1236,Water Withdrawal|Electricity|Coal,387
1237,Water Withdrawal|Electricity|Coal|w/ CCS,384
1238,Water Withdrawal|Electricity|Coal|w/o CCS,387
1239,Water Withdrawal|Electricity|Cooling Pond,162
1240,Water Withdrawal|Electricity|Dry Cooling,346
1241,Water Withdrawal|Electricity|Fossil,203
1242,Water Withdrawal|Electricity|Fossil|w/ CCS,384
1243,Water Withdrawal|Electricity|Fossil|w/o CCS,387
1244,Water Withdrawal|Electricity|Gas,387
1245,Water Withdrawal|Electricity|Gas|w/ CCS,384
1246,Water Withdrawal|Electricity|Gas|w/o CCS,387
1247,Water Withdrawal|Electricity|Geothermal,264
1248,Water Withdrawal|Electricity|Hydro,303
1249,Water Withdrawal|Electricity|Non-Biomass Renewables,387
1250,Water Withdrawal|Electricity|Nuclear,387
1251,Water Withdrawal|Electricity|Ocean,70
1252,Water Withdrawal|Electricity|Oil,387
1253,Water Withdrawal|Electricity|Oil|w/ CCS,116
1254,Water Withdrawal|Electricity|Oil|w/o CCS,195
1255,Water Withdrawal|Electricity|Once Through,346
1256,Water Withdrawal|Electricity|Other,254
1257,Water Withdrawal|Electricity|Sea Cooling,338
1258,Water Withdrawal|Electricity|Solar,346
1259,Water Withdrawal|Electricity|Solar|CSP,346
1260,Water Withdrawal|Electricity|Solar|PV,346
1261,Water Withdrawal|Electricity|Wet Tower,346
1262,Water Withdrawal|Electricity|Wind,303
1263,Water Withdrawal|Extraction,184
1264,Water Withdrawal|Extraction|Coal,184
1265,Water Withdrawal|Extraction|Gas,184
1266,Water Withdrawal|Extraction|Oil,184
1267,Water Withdrawal|Extraction|Uranium,184
1268,Water Withdrawal|Gases,184
1269,Water Withdrawal|Gases|Biomass,184
1270,Water Withdrawal|Gases|Coal,184
1271,Water Withdrawal|Heat,184
1272,Water Withdrawal|Heat|Biomass,184
1273,Water Withdrawal|Heat|Coal,184
1274,Water Withdrawal|Heat|Gas,184
1275,Water Withdrawal|Heat|Geothermal,184
1276,Water Withdrawal|Heat|Oil,184
1277,Water Withdrawal|Heat|Other,184
1278,Water Withdrawal|Hydrogen,184
1279,Water Withdrawal|Hydrogen|Biomass,184
1280,Water Withdrawal|Hydrogen|Biomass|w/ CCS,184
1281,Water Withdrawal|Hydrogen|Biomass|w/o CCS,184
1282,Water Withdrawal|Hydrogen|Coal,184
1283,Water Withdrawal|Hydrogen|Coal|w/ CCS,184
1284,Water Withdrawal|Hydrogen|Coal|w/o CCS,184
1285,Water Withdrawal|Hydrogen|Electricity,184
1286,Water Withdrawal|Hydrogen|Fossil,184
1287,Water Withdrawal|Hydrogen|Fossil|w/ CCS,184
1288,Water Withdrawal|Hydrogen|Fossil|w/o CCS,184
1289,Water Withdrawal|Hydrogen|Gas,184
1290,Water Withdrawal|Hydrogen|Gas|w/ CCS,184
1291,Water Withdrawal|Hydrogen|Gas|w/o CCS,184
1292,Water Withdrawal|Industrial Water,110
1293,Water Withdrawal|Irrigation,544
1294,Water Withdrawal|Liquids,184
1295,Water Withdrawal|Liquids|Biomass,184
1296,Water Withdrawal|Liquids|Biomass|w/ CCS,184
1297,Water Withdrawal|Liquids|Biomass|w/o CCS,184
1298,Water Withdrawal|Liquids|Coal,184
1299,Water Withdrawal|Liquids|Coal|w/ CCS,184
1300,Water Withdrawal|Liquids|Coal|w/o CCS,184
1301,Water Withdrawal|Liquids|Fossil,184
1302,Water Withdrawal|Liquids|Fossil|w/ CCS,184
1303,Water Withdrawal|Liquids|Fossil|w/o CCS,184
1304,Water Withdrawal|Liquids|Gas,184
1305,Water Withdrawal|Liquids|Gas|w/ CCS,184
1306,Water Withdrawal|Liquids|Gas|w/o CCS,184
1307,Water Withdrawal|Liquids|Oil,184
1308,Water Withdrawal|Municipal Water,110
1309,Yield|Bioenergy|2nd generation,28
1310,Yield|Cereal,447
1311,Yield|Oilcrops,350
1312,Yield|Sugarcrops,385
1313,Primary Energy|Wind+Solar,1063
